name,price,price/m2
# OKAZJA #  Gdynia Mały Kack 2-pokojowe jasna kuchnia piwnica ogródek,518 000 zł
Słoneczne mieszkanie 3 pokoje blisko lasu Gdynia,595 000 zł
Sprzedam mieszkanie 3 pok. Gdynia Okazja,580 000 zł
Mieszkanie po remoncie w dobrej lokalizacji,549 000 zł
Kawalerka 29 m2 Gdynia Chylonia,330 000 zł
"Komfortowe mieszkanie, 3 pokoje. Bez pośredników",560 000 zł
Duże Mieszkanie Na Parterze!,550 000 zł
Mieszkanie 2-Pokojowe Po Generalnym Remoncie,429 000 zł
"Hit Inwestycyjny, 2 Pokoje, Centrum Gdyni, Okazja!",599 000 zł
Mieszkanie Gdynia Obłuże ul. Podgórska las garaż,549 000 zł
Słoneczne Mieszkanie 3-Pok I Piętro W Gdyni Obłuże,515 000 zł
Nietuzinkowe mieszkanie (CENA DO NEGOCJACJI),575 000 zł
Mieszkanie po generalnym remoncie,549 000 zł
Mieszkanie - Gdynia Chylonia,295 000 zł
3 Pokojowe Mieszkanie Z Balkonem! Parter,595 000 zł
Mieszkanie 3 Pokojowe Do Wejścia W Gdyni!,539 000 zł
Witomino- 1 piętro! 3 pokoje z widokiem na zieleń!,499 000 zł
3-Pok.mieszkanie Na Obłużu,495 000 zł
"3 pokoje z oddzielna kuchnia, inwestycyjnie",495 000 zł
Okazja! Top Lokalizacja! Gdynia Śródmieście!,575 000 zł
"3 pokoje, blisko SKM",449 000 zł
Mieszkanie pod inwestycje w Gdyni,439 000 zł
"3 Pokoje Z Dużym Tarasem, Funkcjonalny Rozkład",595 750 zł
Dwupokojowe Mieszkanie W Chyloni,489 999 zł
Mieszkanie po remoncie w dobrej lokalizacji,549 000 zł
